Year,Sector,Total Renewable Energy
2000,Commerical,10.598
2000,Electric Power,126.069
2000,Industrial,132.924
2000,Residential,39.414
2000,Transportation,0.0
2000,Commerical,10.336
2000,Electric Power,120.215
2000,Industrial,156.126
2000,Residential,37.315
2000,Transportation,0.0
2000,Commerical,11.341
2000,Electric Power,137.556
2000,Industrial,165.154
2000,Residential,40.924
2000,Transportation,0.0
2000,Commerical,11.106
2000,Electric Power,142.999
2000,Industrial,158.419
2000,Residential,40.225
2000,Transportation,0.0
2000,Commerical,11.653
2000,Electric Power,141.278
2000,Industrial,155.074
2000,Residential,41.926
2000,Transportation,0.0
2000,Commerical,10.464
2000,Electric Power,126.051
2000,Industrial,139.354
2000,Residential,40.805
2000,Transportation,0.0
2000,Commerical,10.88
2000,Electric Power,125.75
2000,Industrial,160.876
2000,Residential,42.259
2000,Transportation,0.0
2000,Commerical,10.708
2000,Electric Power,117.615
2000,Industrial,162.689
2000,Residential,42.197
2000,Transportation,0.0
2000,Commerical,10.298
2000,Electric Power,100.428
2000,Industrial,151.073
2000,Residential,40.508
2000,Transportation,0.0
2000,Commerical,10.829
2000,Electric Power,103.048
2000,Industrial,174.211
2000,Residential,41.202
2000,Transportation,0.0
2000,Commerical,10.295
2000,Electric Power,108.789
2000,Industrial,169.711
2000,Residential,39.151
2000,Transportation,0.0
2000,Commerical,8.715
2000,Electric Power,97.613
2000,Industrial,174.423
2000,Residential,40.118
2000,Transportation,0.0
2001,Commerical,8.457
2001,Electric Power,97.919
2001,Industrial,149.428
2001,Residential,35.198
2001,Transportation,0.0
2001,Commerical,7.692
2001,Electric Power,89.163
2001,Industrial,132.305
2001,Residential,32.311
2001,Transportation,0.0
2001,Commerical,8.389
2001,Electric Power,102.673
2001,Industrial,142.164
2001,Residential,36.64
2001,Transportation,0.0
2001,Commerical,8.165
2001,Electric Power,93.221
2001,Industrial,139.522
2001,Residential,36.051
2001,Transportation,0.0
2001,Commerical,8.461
2001,Electric Power,98.196
2001,Industrial,134.633
2001,Residential,37.597
2001,Transportation,0.0
2001,Commerical,8.384
2001,Electric Power,105.696
2001,Industrial,136.182
2001,Residential,36.605
2001,Transportation,0.0
2001,Commerical,8.726
2001,Electric Power,97.61
2001,Industrial,141.561
2001,Residential,37.915
2001,Transportation,0.0
2001,Commerical,8.701
2001,Electric Power,99.965
2001,Industrial,145.634
2001,Residential,37.856
2001,Transportation,0.0
2001,Commerical,8.321
2001,Electric Power,84.753
2001,Industrial,137.78
2001,Residential,36.321
2001,Transportation,0.0
2001,Commerical,8.402
2001,Electric Power,84.822
2001,Industrial,149.121
2001,Residential,36.906
2001,Transportation,0.0
2001,Commerical,8.059
2001,Electric Power,84.328
2001,Industrial,143.257
2001,Residential,35.025
2001,Transportation,0.0
2001,Commerical,8.621
2001,Electric Power,99.827
2001,Industrial,145.38
2001,Residential,35.87
2001,Transportation,0.0
2002,Commerical,8.499
2002,Electric Power,112.195
2002,Industrial,143.79
2002,Residential,36.007
2002,Transportation,0.0
2002,Commerical,7.676
2002,Electric Power,101.062
2002,Industrial,125.635
2002,Residential,33.024
2002,Transportation,0.0
2002,Commerical,8.543
2002,Electric Power,110.216
2002,Industrial,133.046
2002,Residential,37.398
2002,Transportation,0.0
2002,Commerical,8.4
2002,Electric Power,118.274
2002,Industrial,133.29
2002,Residential,36.764
2002,Transportation,0.0
2002,Commerical,8.904
2002,Electric Power,128.21
2002,Industrial,142.215
2002,Residential,38.321
2002,Transportation,0.0
2002,Commerical,8.717
2002,Electric Power,134.759
2002,Industrial,133.198
2002,Residential,37.299
2002,Transportation,0.0
2002,Commerical,9.17
2002,Electric Power,127.356
2002,Industrial,149.056
2002,Residential,38.628
2002,Transportation,0.0
2002,Commerical,9.217
2002,Electric Power,112.908
2002,Industrial,136.504
2002,Residential,38.571
2002,Transportation,0.0
2002,Commerical,8.785
2002,Electric Power,97.522
2002,Industrial,144.656
2002,Residential,37.024
2002,Transportation,0.0
2002,Commerical,8.937
2002,Electric Power,95.877
2002,Industrial,156.386
2002,Residential,37.654
2002,Transportation,0.0
2002,Commerical,8.66
2002,Electric Power,103.97
2002,Industrial,144.39
2002,Residential,35.774
2002,Transportation,0.0
2002,Commerical,8.545
2002,Electric Power,113.089
2002,Industrial,151.706
2002,Residential,36.655
2002,Transportation,0.0
2003,Commerical,9.564
2003,Electric Power,110.511
2003,Industrial,142.18
2003,Residential,37.86
2003,Transportation,0.0
2003,Commerical,8.552
2003,Electric Power,103.045
2003,Industrial,129.379
2003,Residential,34.682
2003,Transportation,0.0
2003,Commerical,9.505
2003,Electric Power,122.327
2003,Industrial,140.552
2003,Residential,39.21
2003,Transportation,0.0
2003,Commerical,9.282
2003,Electric Power,122.595
2003,Industrial,138.977
2003,Residential,38.501
2003,Transportation,0.0
2003,Commerical,9.63
2003,Electric Power,137.489
2003,Industrial,139.329
2003,Residential,40.106
2003,Transportation,0.0
2003,Commerical,9.348
2003,Electric Power,136.776
2003,Industrial,137.458
2003,Residential,39.02
2003,Transportation,0.0
2003,Commerical,9.709
2003,Electric Power,126.645
2003,Industrial,146.977
2003,Residential,40.404
2003,Transportation,0.0
2003,Commerical,9.674
2003,Electric Power,119.952
2003,Industrial,144.045
2003,Residential,40.349
2003,Transportation,0.0
2003,Commerical,9.189
2003,Electric Power,102.049
2003,Industrial,139.02
2003,Residential,38.754
2003,Transportation,0.0
2003,Commerical,9.491
2003,Electric Power,101.177
2003,Industrial,143.782
2003,Residential,39.459
2003,Transportation,0.0
2003,Commerical,9.164
2003,Electric Power,106.223
2003,Industrial,141.404
2003,Residential,37.54
2003,Transportation,0.0
2003,Commerical,9.729
2003,Electric Power,123.987
2003,Industrial,152.981
2003,Residential,38.489
2003,Transportation,0.0
2004,Commerical,9.897
2004,Electric Power,117.939
2004,Industrial,158.209
2004,Residential,38.654
2004,Transportation,0.0
2004,Commerical,9.297
2004,Electric Power,109.225
2004,Industrial,144.908
2004,Residential,36.55
2004,Transportation,0.0
2004,Commerical,9.843
2004,Electric Power,118.907
2004,Industrial,150.631
2004,Residential,39.984
2004,Transportation,0.0
2004,Commerical,9.769
2004,Electric Power,109.238
2004,Industrial,153.467
2004,Residential,39.241
2004,Transportation,0.0
2004,Commerical,10.048
2004,Electric Power,122.835
2004,Industrial,146.819
2004,Residential,40.866
2004,Transportation,0.0
2004,Commerical,9.786
2004,Electric Power,125.733
2004,Industrial,148.967
2004,Residential,39.752
2004,Transportation,0.0
2004,Commerical,10.04
2004,Electric Power,122.42
2004,Industrial,156.271
2004,Residential,41.159
2004,Transportation,0.0
2004,Commerical,10.022
2004,Electric Power,114.776
2004,Industrial,154.182
2004,Residential,41.105
2004,Transportation,0.0
2004,Commerical,9.65
2004,Electric Power,108.545
2004,Industrial,147.392
2004,Residential,39.49
2004,Transportation,0.0
2004,Commerical,9.835
2004,Electric Power,102.917
2004,Industrial,155.767
2004,Residential,40.229
2004,Transportation,0.0
2004,Commerical,9.77
2004,Electric Power,109.707
2004,Industrial,150.552
2004,Residential,38.294
2004,Transportation,0.0
2004,Commerical,10.099
2004,Electric Power,130.978
2004,Industrial,162.775
2004,Residential,39.273
2004,Transportation,0.0
2005,Commerical,10.115
2005,Electric Power,124.095
2005,Industrial,160.271
2005,Residential,40.545
2005,Transportation,0.0
2005,Commerical,9.259
2005,Electric Power,111.034
2005,Industrial,152.0
2005,Residential,37.089
2005,Transportation,0.0
2005,Commerical,10.119
2005,Electric Power,121.267
2005,Industrial,155.025
2005,Residential,41.843
2005,Transportation,0.0
2005,Commerical,9.66
2005,Electric Power,117.849
2005,Industrial,149.184
2005,Residential,41.027
2005,Transportation,0.0
2005,Commerical,10.228
2005,Electric Power,135.965
2005,Industrial,152.398
2005,Residential,42.704
2005,Transportation,0.0
2005,Commerical,10.062
2005,Electric Power,134.888
2005,Industrial,149.609
2005,Residential,41.526
2005,Transportation,0.0
2005,Commerical,10.318
2005,Electric Power,133.724
2005,Industrial,157.267
2005,Residential,42.99
2005,Transportation,0.0
2005,Commerical,10.18
2005,Electric Power,117.618
2005,Industrial,157.171
2005,Residential,42.937
2005,Transportation,0.0
2005,Commerical,9.828
2005,Electric Power,101.495
2005,Industrial,151.345
2005,Residential,41.27
2005,Transportation,0.0
2005,Commerical,9.849
2005,Electric Power,102.159
2005,Industrial,155.736
2005,Residential,42.082
2005,Transportation,0.0
2005,Commerical,9.817
2005,Electric Power,108.684
2005,Industrial,151.046
2005,Residential,40.104
2005,Transportation,0.0
2005,Commerical,10.149
2005,Electric Power,120.832
2005,Industrial,158.374
2005,Residential,41.15
2005,Transportation,0.0
2006,Commerical,10.064
2006,Electric Power,141.392
2006,Industrial,168.572
2006,Residential,36.61
2006,Transportation,0.0
2006,Commerical,9.157
2006,Electric Power,127.41
2006,Industrial,147.795
2006,Residential,33.553
2006,Transportation,0.0
2006,Commerical,9.595
2006,Electric Power,130.928
2006,Industrial,156.804
2006,Residential,37.96
2006,Transportation,0.0
2006,Commerical,9.626
2006,Electric Power,138.746
2006,Industrial,150.937
2006,Residential,37.291
2006,Transportation,0.0
2006,Commerical,10.328
2006,Electric Power,149.457
2006,Industrial,154.811
2006,Residential,38.855
2006,Transportation,0.0
2006,Commerical,9.777
2006,Electric Power,146.026
2006,Industrial,154.082
2006,Residential,37.809
2006,Transportation,0.0
2006,Commerical,9.964
2006,Electric Power,133.278
2006,Industrial,163.048
2006,Residential,39.153
2006,Transportation,0.0
2006,Commerical,9.972
2006,Electric Power,120.435
2006,Industrial,162.323
2006,Residential,39.098
2006,Transportation,0.0
2006,Commerical,9.591
2006,Electric Power,103.063
2006,Industrial,157.91
2006,Residential,37.543
2006,Transportation,0.0
2006,Commerical,9.905
2006,Electric Power,103.931
2006,Industrial,163.298
2006,Residential,38.209
2006,Transportation,0.0
2006,Commerical,9.752
2006,Electric Power,115.323
2006,Industrial,159.785
2006,Residential,36.33
2006,Transportation,0.0
2006,Commerical,10.084
2006,Electric Power,121.351
2006,Industrial,167.106
2006,Residential,37.239
2006,Transportation,0.0
2007,Commerical,10.074
2007,Electric Power,140.236
2007,Industrial,165.166
2007,Residential,40.434
2007,Transportation,0.0
2007,Commerical,8.966
2007,Electric Power,107.564
2007,Industrial,150.687
2007,Residential,37.027
2007,Transportation,0.0
2007,Commerical,10.058
2007,Electric Power,131.167
2007,Industrial,162.632
2007,Residential,41.839
2007,Transportation,0.0
2007,Commerical,9.741
2007,Electric Power,128.973
2007,Industrial,159.465
2007,Residential,41.067
2007,Transportation,0.0
2007,Commerical,10.089
2007,Electric Power,136.304
2007,Industrial,161.082
2007,Residential,42.771
2007,Transportation,0.0
2007,Commerical,9.788
2007,Electric Power,125.888
2007,Industrial,157.181
2007,Residential,41.607
2007,Transportation,0.0
2007,Commerical,10.121
2007,Electric Power,124.473
2007,Industrial,164.773
2007,Residential,43.08
2007,Transportation,0.0
2007,Commerical,9.999
2007,Electric Power,117.846
2007,Industrial,162.513
2007,Residential,43.023
2007,Transportation,0.0
2007,Commerical,9.652
2007,Electric Power,99.415
2007,Industrial,158.121
2007,Residential,41.33
2007,Transportation,0.0
2007,Commerical,10.073
2007,Electric Power,101.268
2007,Industrial,166.053
2007,Residential,42.098
2007,Transportation,0.0
2007,Commerical,9.879
2007,Electric Power,103.564
2007,Industrial,165.065
2007,Residential,40.068
2007,Transportation,0.0
2007,Commerical,10.115
2007,Electric Power,115.138
2007,Industrial,174.377
2007,Residential,41.089
2007,Transportation,0.0
2008,Commerical,10.513
2008,Electric Power,126.073
2008,Industrial,185.036
2008,Residential,45.071
2008,Transportation,0.0
2008,Commerical,9.818
2008,Electric Power,115.054
2008,Industrial,162.57
2008,Residential,42.594
2008,Transportation,0.0
2008,Commerical,10.482
2008,Electric Power,132.023
2008,Industrial,169.658
2008,Residential,46.539
2008,Transportation,0.0
2008,Commerical,10.541
2008,Electric Power,131.852
2008,Industrial,167.962
2008,Residential,45.641
2008,Transportation,0.0
2008,Commerical,10.764
2008,Electric Power,148.936
2008,Industrial,171.471
2008,Residential,47.513
2008,Transportation,0.0
2008,Commerical,10.581
2008,Electric Power,157.239
2008,Industrial,162.857
2008,Residential,46.206
2008,Transportation,0.0
2008,Commerical,10.733
2008,Electric Power,144.262
2008,Industrial,169.818
2008,Residential,47.837
2008,Transportation,0.0
2008,Commerical,10.754
2008,Electric Power,126.298
2008,Industrial,169.902
2008,Residential,47.776
2008,Transportation,0.0
2008,Commerical,10.448
2008,Electric Power,105.696
2008,Industrial,162.464
2008,Residential,45.916
2008,Transportation,0.0
2008,Commerical,10.556
2008,Electric Power,107.943
2008,Industrial,171.173
2008,Residential,46.809
2008,Transportation,0.0
2008,Commerical,10.333
2008,Electric Power,110.71
2008,Industrial,167.999
2008,Residential,44.597
2008,Transportation,0.0
2008,Commerical,10.608
2008,Electric Power,135.232
2008,Industrial,162.521
2008,Residential,45.755
2008,Transportation,0.0
2009,Commerical,10.878
2009,Electric Power,141.776
2009,Industrial,157.682
2009,Residential,48.647
2009,Transportation,0.0
2009,Commerical,9.794
2009,Electric Power,118.726
2009,Industrial,147.415
2009,Residential,44.473
2009,Transportation,0.0
2009,Commerical,11.151
2009,Electric Power,140.722
2009,Industrial,158.275
2009,Residential,50.129
2009,Transportation,0.0
2009,Commerical,10.856
2009,Electric Power,150.585
2009,Industrial,151.085
2009,Residential,49.122
2009,Transportation,0.0
2009,Commerical,11.331
2009,Electric Power,160.525
2009,Industrial,157.746
2009,Residential,51.113
2009,Transportation,0.0
2009,Commerical,11.026
2009,Electric Power,160.124
2009,Industrial,158.398
2009,Residential,49.692
2009,Transportation,0.0
2009,Commerical,11.259
2009,Electric Power,140.303
2009,Industrial,169.639
2009,Residential,51.44
2009,Transportation,0.0
2009,Commerical,11.359
2009,Electric Power,129.072
2009,Industrial,173.073
2009,Residential,51.379
2009,Transportation,0.0
2009,Commerical,10.72
2009,Electric Power,114.922
2009,Industrial,165.05
2009,Residential,49.399
2009,Transportation,0.0
2009,Commerical,11.003
2009,Electric Power,129.45
2009,Industrial,172.971
2009,Residential,50.402
2009,Transportation,0.0
2009,Commerical,10.798
2009,Electric Power,135.958
2009,Industrial,171.487
2009,Residential,48.067
2009,Transportation,0.0
2009,Commerical,11.064
2009,Electric Power,151.575
2009,Industrial,176.575
2009,Residential,49.337
2009,Transportation,0.0
2010,Commerical,11.114
2010,Electric Power,142.261
2010,Industrial,193.611
2010,Residential,52.23
2010,Transportation,0.0
2010,Commerical,9.969
2010,Electric Power,128.346
2010,Industrial,178.275
2010,Residential,47.734
2010,Transportation,0.0
2010,Commerical,11.29
2010,Electric Power,143.485
2010,Industrial,196.447
2010,Residential,53.781
2010,Transportation,0.0
2010,Commerical,11.276
2010,Electric Power,138.725
2010,Industrial,189.116
2010,Residential,52.684
2010,Transportation,0.0
2010,Commerical,11.953
2010,Electric Power,155.614
2010,Industrial,191.8
2010,Residential,54.81
2010,Transportation,0.0
2010,Commerical,11.294
2010,Electric Power,172.466
2010,Industrial,190.117
2010,Residential,53.28
2010,Transportation,0.0
2010,Commerical,11.468
2010,Electric Power,151.125
2010,Industrial,196.905
2010,Residential,55.152
2010,Transportation,0.0
2010,Commerical,11.579
2010,Electric Power,136.76
2010,Industrial,198.359
2010,Residential,55.088
2010,Transportation,0.0
2010,Commerical,10.998
2010,Electric Power,125.415
2010,Industrial,193.573
2010,Residential,52.974
2010,Transportation,0.0
2010,Commerical,10.978
2010,Electric Power,128.042
2010,Industrial,198.926
2010,Residential,54.067
2010,Transportation,0.0
2010,Commerical,10.639
2010,Electric Power,143.077
2010,Industrial,197.92
2010,Residential,51.58
2010,Transportation,0.0
2010,Commerical,11.028
2010,Electric Power,154.845
2010,Industrial,206.014
2010,Residential,52.952
2010,Transportation,0.0
2011,Commerical,11.496
2011,Electric Power,157.941
2011,Industrial,207.98
2011,Residential,51.261
2011,Transportation,0.0
2011,Commerical,10.566
2011,Electric Power,156.683
2011,Industrial,185.173
2011,Residential,46.89
2011,Transportation,0.0
2011,Commerical,11.739
2011,Electric Power,182.709
2011,Industrial,201.664
2011,Residential,52.897
2011,Transportation,0.0
2011,Commerical,11.474
2011,Electric Power,184.557
2011,Industrial,190.717
2011,Residential,51.864
2011,Transportation,0.0
2011,Commerical,12.088
2011,Electric Power,189.471
2011,Industrial,193.172
2011,Residential,53.982
2011,Transportation,0.0
2011,Commerical,11.952
2011,Electric Power,188.686
2011,Industrial,197.07
2011,Residential,52.492
2011,Transportation,0.0
2011,Commerical,12.244
2011,Electric Power,176.168
2011,Industrial,200.186
2011,Residential,54.343
2011,Transportation,0.0
2011,Commerical,12.357
2011,Electric Power,157.574
2011,Industrial,201.357
2011,Residential,54.276
2011,Transportation,0.0
2011,Commerical,11.722
2011,Electric Power,137.285
2011,Industrial,195.316
2011,Residential,52.17
2011,Transportation,0.0
2011,Commerical,11.854
2011,Electric Power,143.426
2011,Industrial,199.366
2011,Residential,53.199
2011,Transportation,0.0
2011,Commerical,11.71
2011,Electric Power,152.851
2011,Industrial,202.591
2011,Residential,50.7
2011,Transportation,0.0
2011,Commerical,11.941
2011,Electric Power,160.795
2011,Industrial,211.935
2011,Residential,52.023
2011,Transportation,0.0
2012,Commerical,11.392
2012,Electric Power,167.54
2012,Industrial,206.921
2012,Residential,44.051
2012,Transportation,0.0
2012,Commerical,10.846
2012,Electric Power,146.496
2012,Industrial,193.614
2012,Residential,41.72
2012,Transportation,0.0
2012,Commerical,11.597
2012,Electric Power,177.979
2012,Industrial,199.069
2012,Residential,45.793
2012,Transportation,0.0
2012,Commerical,11.464
2012,Electric Power,170.957
2012,Industrial,189.824
2012,Residential,45.033
2012,Transportation,0.0
2012,Commerical,11.932
2012,Electric Power,181.551
2012,Industrial,198.841
2012,Residential,46.949
2012,Transportation,0.0
2012,Commerical,11.562
2012,Electric Power,175.193
2012,Industrial,193.525
2012,Residential,45.702
2012,Transportation,0.0
2012,Commerical,12.014
2012,Electric Power,166.59
2012,Industrial,196.104
2012,Residential,47.333
2012,Transportation,0.0
2012,Commerical,12.136
2012,Electric Power,153.388
2012,Industrial,199.368
2012,Residential,47.262
2012,Transportation,0.0
2012,Commerical,11.603
2012,Electric Power,133.155
2012,Industrial,191.577
2012,Residential,45.359
2012,Transportation,0.0
2012,Commerical,11.878
2012,Electric Power,142.272
2012,Industrial,196.31
2012,Residential,46.114
2012,Transportation,0.0
2012,Commerical,11.306
2012,Electric Power,146.21
2012,Industrial,195.564
2012,Residential,43.793
2012,Transportation,0.0
2012,Commerical,11.683
2012,Electric Power,173.263
2012,Industrial,202.648
2012,Residential,44.863
2012,Transportation,0.0
2013,Commerical,12.472
2013,Electric Power,178.677
2013,Industrial,202.452
2013,Residential,55.799
2013,Transportation,0.0
2013,Commerical,11.396
2013,Electric Power,156.767
2013,Industrial,182.805
2013,Residential,51.078
2013,Transportation,0.0
2013,Commerical,13.085
2013,Electric Power,168.981
2013,Industrial,200.905
2013,Residential,57.684
2013,Transportation,0.0
2013,Commerical,12.74
2013,Electric Power,185.453
2013,Industrial,195.677
2013,Residential,56.599
2013,Transportation,0.0
2013,Commerical,13.398
2013,Electric Power,195.692
2013,Industrial,203.221
2013,Residential,58.935
2013,Transportation,0.0
2013,Commerical,13.191
2013,Electric Power,184.965
2013,Industrial,201.65
2013,Residential,57.323
2013,Transportation,0.0
2013,Commerical,13.562
2013,Electric Power,177.889
2013,Industrial,211.255
2013,Residential,59.351
2013,Transportation,0.0
2013,Commerical,13.555
2013,Electric Power,155.884
2013,Industrial,205.835
2013,Residential,59.273
2013,Transportation,0.0
2013,Commerical,12.949
2013,Electric Power,143.702
2013,Industrial,195.083
2013,Residential,56.952
2013,Transportation,0.0
2013,Commerical,13.111
2013,Electric Power,151.383
2013,Industrial,205.745
2013,Residential,58.032
2013,Transportation,0.0
2013,Commerical,12.518
2013,Electric Power,160.961
2013,Industrial,205.96
2013,Residential,55.258
2013,Transportation,0.0
2013,Commerical,13.002
2013,Electric Power,169.562
2013,Industrial,216.085
2013,Residential,56.678
2013,Transportation,0.0
2014,Commerical,14.094
2014,Electric Power,186.92
2014,Industrial,209.33
2014,Residential,56.86
2014,Transportation,0.0
2014,Commerical,12.331
2014,Electric Power,155.772
2014,Industrial,189.474
2014,Residential,52.049
2014,Transportation,0.0
2014,Commerical,13.888
2014,Electric Power,198.001
2014,Industrial,208.061
2014,Residential,58.84
2014,Transportation,0.0
2014,Commerical,13.59
2014,Electric Power,200.571
2014,Industrial,202.7
2014,Residential,57.728
2014,Transportation,0.0
2014,Commerical,14.346
2014,Electric Power,194.765
2014,Industrial,205.992
2014,Residential,60.159
2014,Transportation,0.0
2014,Commerical,14.181
2014,Electric Power,197.55
2014,Industrial,206.203
2014,Residential,58.547
2014,Transportation,0.0
2014,Commerical,14.677
2014,Electric Power,182.392
2014,Industrial,212.774
2014,Residential,60.59
2014,Transportation,0.0
2014,Commerical,14.576
2014,Electric Power,159.167
2014,Industrial,211.525
2014,Residential,60.54
2014,Transportation,0.0
2014,Commerical,13.835
2014,Electric Power,147.629
2014,Industrial,200.302
2014,Residential,58.225
2014,Transportation,0.0
2014,Commerical,13.816
2014,Electric Power,160.393
2014,Industrial,208.02
2014,Residential,59.376
2014,Transportation,0.0
2014,Commerical,13.069
2014,Electric Power,180.397
2014,Industrial,205.649
2014,Residential,56.474
2014,Transportation,0.0
2014,Commerical,13.496
2014,Electric Power,179.517
2014,Industrial,218.332
2014,Residential,57.991
2014,Transportation,0.0
2015,Commerical,15.6
2015,Electric Power,186.914
2015,Industrial,215.453
2015,Residential,51.396
2015,Transportation,0.0
2015,Commerical,14.326
2015,Electric Power,177.225
2015,Industrial,193.01
2015,Residential,47.284
2015,Transportation,0.0
2015,Commerical,16.209
2015,Electric Power,189.291
2015,Industrial,207.058
2015,Residential,53.789
2015,Transportation,0.0
2015,Commerical,16.005
2015,Electric Power,189.06
2015,Industrial,202.273
2015,Residential,53.107
2015,Transportation,0.0
2015,Commerical,16.64
2015,Electric Power,181.217
2015,Industrial,209.375
2015,Residential,55.428
2015,Transportation,0.0
2015,Commerical,16.332
2015,Electric Power,171.754
2015,Industrial,205.462
2015,Residential,54.036
2015,Transportation,0.0
2015,Commerical,17.224
2015,Electric Power,179.315
2015,Industrial,212.83
2015,Residential,56.062
2015,Transportation,0.0
2015,Commerical,16.859
2015,Electric Power,170.855
2015,Industrial,211.5
2015,Residential,55.996
2015,Transportation,0.0
2015,Commerical,16.285
2015,Electric Power,156.868
2015,Industrial,202.423
2015,Residential,53.64
2015,Transportation,0.0
2015,Commerical,16.029
2015,Electric Power,164.428
2015,Industrial,206.733
2015,Residential,54.355
2015,Transportation,0.0
2015,Commerical,15.541
2015,Electric Power,186.897
2015,Industrial,207.115
2015,Residential,51.53
2015,Transportation,0.0
2015,Commerical,15.91
2015,Electric Power,203.888
2015,Industrial,215.314
2015,Residential,52.591
2015,Transportation,0.0
2016,Commerical,16.191
2016,Electric Power,203.217
2016,Industrial,212.329
2016,Residential,46.105
2016,Transportation,0.0
2016,Commerical,15.497
2016,Electric Power,205.134
2016,Industrial,199.941
2016,Residential,44.365
2016,Transportation,0.0
2016,Commerical,16.968
2016,Electric Power,224.013
2016,Industrial,209.441
2016,Residential,49.025
2016,Transportation,0.0
2016,Commerical,16.574
2016,Electric Power,211.555
2016,Industrial,196.074
2016,Residential,48.701
2016,Transportation,0.0
2016,Commerical,17.216
2016,Electric Power,206.498
2016,Industrial,206.707
2016,Residential,50.984
2016,Transportation,0.0
2016,Commerical,17.11
2016,Electric Power,191.687
2016,Industrial,205.133
2016,Residential,49.968
2016,Transportation,0.0
2016,Commerical,17.69
2016,Electric Power,194.205
2016,Industrial,211.266
2016,Residential,51.698
2016,Transportation,0.0
2016,Commerical,17.7
2016,Electric Power,176.034
2016,Industrial,212.471
2016,Residential,51.385
2016,Transportation,0.0
2016,Commerical,16.782
2016,Electric Power,169.633
2016,Industrial,199.908
2016,Residential,48.941
2016,Transportation,0.0
2016,Commerical,16.726
2016,Electric Power,180.883
2016,Industrial,206.795
2016,Residential,49.287
2016,Transportation,0.0
2016,Commerical,16.201
2016,Electric Power,185.909
2016,Industrial,208.464
2016,Residential,46.423
2016,Transportation,0.0
2016,Commerical,16.721
2016,Electric Power,213.929
2016,Industrial,234.425
2016,Residential,47.192
2016,Transportation,0.0
2017,Commerical,16.834
2017,Electric Power,219.267
2017,Industrial,214.274
2017,Residential,45.62
2017,Transportation,0.0
2017,Commerical,15.436
2017,Electric Power,210.426
2017,Industrial,193.708
2017,Residential,42.433
2017,Transportation,0.0
2017,Commerical,17.219
2017,Electric Power,253.435
2017,Industrial,212.075
2017,Residential,49.101
2017,Transportation,0.0
2017,Commerical,17.046
2017,Electric Power,246.437
2017,Industrial,199.013
2017,Residential,48.884
2017,Transportation,0.0
2017,Commerical,17.885
2017,Electric Power,253.563
2017,Industrial,206.256
2017,Residential,51.236
2017,Transportation,0.0
2017,Commerical,17.551
2017,Electric Power,239.569
2017,Industrial,205.269
2017,Residential,50.307
2017,Transportation,0.0
2017,Commerical,18.041
2017,Electric Power,212.58
2017,Industrial,211.087
2017,Residential,51.865
2017,Transportation,0.0
2017,Commerical,18.058
2017,Electric Power,189.631
2017,Industrial,214.98
2017,Residential,51.495
2017,Transportation,0.0
2017,Commerical,16.783
2017,Electric Power,187.723
2017,Industrial,198.67
2017,Residential,49.001
2017,Transportation,0.0
2017,Commerical,17.027
2017,Electric Power,203.541
2017,Industrial,208.654
2017,Residential,49.183
2017,Transportation,0.0
2017,Commerical,16.55
2017,Electric Power,202.006
2017,Industrial,210.951
2017,Residential,45.873
2017,Transportation,0.0
2017,Commerical,16.965
2017,Electric Power,211.701
2017,Industrial,217.919
2017,Residential,46.704
2017,Transportation,0.0
2018,Commerical,17.105
2018,Electric Power,234.036
2018,Industrial,213.9
2018,Residential,54.649
2018,Transportation,0.0
2018,Commerical,15.879
2018,Electric Power,222.936
2018,Industrial,193.009
2018,Residential,50.627
2018,Transportation,0.0
2018,Commerical,18.072
2018,Electric Power,243.81
2018,Industrial,211.666
2018,Residential,58.056
2018,Transportation,0.0
2018,Commerical,17.728
2018,Electric Power,248.731
2018,Industrial,200.318
2018,Residential,57.862
2018,Transportation,0.0
2018,Commerical,18.749
2018,Electric Power,253.145
2018,Industrial,209.754
2018,Residential,60.554
2018,Transportation,0.0
2018,Commerical,18.382
2018,Electric Power,249.419
2018,Industrial,204.135
2018,Residential,59.234
2018,Transportation,0.0
2018,Commerical,18.847
2018,Electric Power,212.459
2018,Industrial,214.284
2018,Residential,61.128
2018,Transportation,0.0
2018,Commerical,18.881
2018,Electric Power,212.482
2018,Industrial,214.52
2018,Residential,60.579
2018,Transportation,0.0
2018,Commerical,17.363
2018,Electric Power,190.324
2018,Industrial,198.662
2018,Residential,57.537
2018,Transportation,0.0
2018,Commerical,17.691
2018,Electric Power,198.874
2018,Industrial,208.427
2018,Residential,57.937
2018,Transportation,0.0
2018,Commerical,16.773
2018,Electric Power,206.311
2018,Industrial,205.379
2018,Residential,54.372
2018,Transportation,0.0
2018,Commerical,17.411
2018,Electric Power,216.553
2018,Industrial,214.924
2018,Residential,55.361
2018,Transportation,0.0
2019,Commerical,17.183
2019,Electric Power,224.838
2019,Industrial,210.538
2019,Residential,57.01
2019,Transportation,0.0
2019,Commerical,16.013
2019,Electric Power,207.58
2019,Industrial,190.734
2019,Residential,52.826
2019,Transportation,0.0
2019,Commerical,18.082
2019,Electric Power,239.253
2019,Industrial,205.389
2019,Residential,61.008
2019,Transportation,0.0
2019,Commerical,17.483
2019,Electric Power,253.684
2019,Industrial,197.401
2019,Residential,60.729
2019,Transportation,0.0
2019,Commerical,18.2
2019,Electric Power,261.866
2019,Industrial,204.355
2019,Residential,63.562
2019,Transportation,0.0
2019,Commerical,18.236
2019,Electric Power,239.993
2019,Industrial,201.264
2019,Residential,62.217
2019,Transportation,0.0
2019,Commerical,18.735
2019,Electric Power,231.75
2019,Industrial,208.332
2019,Residential,64.427
2019,Transportation,0.0
2019,Commerical,18.608
2019,Electric Power,216.65
2019,Industrial,207.428
2019,Residential,63.865
2019,Transportation,0.0
2019,Commerical,17.587
2019,Electric Power,210.689
2019,Industrial,193.173
2019,Residential,60.637
2019,Transportation,0.0
2019,Commerical,17.651
2019,Electric Power,215.948
2019,Industrial,202.276
2019,Residential,60.754
2019,Transportation,0.0
2019,Commerical,16.582
2019,Electric Power,208.599
2019,Industrial,202.511
2019,Residential,56.828
2019,Transportation,0.0
2019,Commerical,16.913
2019,Electric Power,218.387
2019,Industrial,211.824
2019,Residential,57.63
2019,Transportation,0.0
2020,Commerical,17.509
2020,Electric Power,237.222
2020,Industrial,211.587
2020,Residential,40.946
2020,Transportation,0.0
2020,Commerical,16.839
2020,Electric Power,246.484
2020,Industrial,197.095
2020,Residential,39.988
2020,Transportation,0.0
2020,Commerical,18.175
2020,Electric Power,244.561
2020,Industrial,200.113
2020,Residential,44.959
2020,Transportation,0.0
2020,Commerical,17.315
2020,Electric Power,244.299
2020,Industrial,165.502
2020,Residential,45.415
2020,Transportation,0.0
2020,Commerical,18.89
2020,Electric Power,270.239
2020,Industrial,177.818
2020,Residential,48.197
2020,Transportation,0.0
2020,Commerical,18.826
2020,Electric Power,267.896
2020,Industrial,181.744
2020,Residential,47.149
2020,Transportation,0.0
2020,Commerical,19.345
2020,Electric Power,245.405
2020,Industrial,190.222
2020,Residential,48.655
2020,Transportation,0.0
2020,Commerical,19.082
2020,Electric Power,231.614
2020,Industrial,190.663
2020,Residential,47.851
2020,Transportation,0.0
2020,Commerical,17.97
2020,Electric Power,206.774
2020,Industrial,184.748
2020,Residential,45.032
2020,Transportation,0.0
2020,Commerical,17.7
2020,Electric Power,223.765
2020,Industrial,195.283
2020,Residential,44.639
2020,Transportation,0.0
2020,Commerical,16.735
2020,Electric Power,242.432
2020,Industrial,195.137
2020,Residential,41.409
2020,Transportation,0.0
2020,Commerical,17.011
2020,Electric Power,241.142
2020,Industrial,202.036
2020,Residential,41.655
2020,Transportation,0.0
2021,Commerical,17.299
2021,Electric Power,247.469
2021,Industrial,198.402
2021,Residential,41.969
2021,Transportation,0.0
2021,Commerical,16.172
2021,Electric Power,220.424
2021,Industrial,169.692
2021,Residential,39.427
2021,Transportation,0.0
2021,Commerical,18.934
2021,Electric Power,278.025
2021,Industrial,197.334
2021,Residential,46.857
2021,Transportation,0.0
2021,Commerical,18.925
2021,Electric Power,262.577
2021,Industrial,192.459
2021,Residential,47.394
2021,Transportation,0.0
2021,Commerical,19.816
2021,Electric Power,275.317
2021,Industrial,203.019
2021,Residential,50.067
2021,Transportation,0.0
2021,Commerical,19.781
2021,Electric Power,251.754
2021,Industrial,195.632
2021,Residential,49.164
2021,Transportation,0.0
2021,Commerical,20.612
2021,Electric Power,233.193
2021,Industrial,203.785
2021,Residential,50.421
2021,Transportation,0.0
2021,Commerical,20.307
2021,Electric Power,244.093
2021,Industrial,197.201
2021,Residential,49.402
2021,Transportation,0.0
2021,Commerical,19.182
2021,Electric Power,233.959
2021,Industrial,190.563
2021,Residential,46.408
2021,Transportation,0.0
2021,Commerical,18.695
2021,Electric Power,236.255
2021,Industrial,202.116
2021,Residential,45.582
2021,Transportation,0.0
2021,Commerical,17.521
2021,Electric Power,252.159
2021,Industrial,198.653
2021,Residential,42.959
2021,Transportation,0.0
2021,Commerical,17.898
2021,Electric Power,278.325
2021,Industrial,208.182
2021,Residential,42.904
2021,Transportation,0.0
2022,Commerical,21.185
2022,Electric Power,275.022
2022,Industrial,202.121
2022,Residential,50.103
2022,Transportation,0.0
2022,Commerical,20.118
2022,Electric Power,267.352
2022,Industrial,181.72
2022,Residential,47.423
2022,Transportation,0.0
2022,Commerical,23.003
2022,Electric Power,305.893
2022,Industrial,197.711
2022,Residential,55.761
2022,Transportation,0.0
2022,Commerical,23.005
2022,Electric Power,303.479
2022,Industrial,189.961
2022,Residential,56.374
2022,Transportation,0.0
2022,Commerical,24.349
2022,Electric Power,308.175
2022,Industrial,198.653
2022,Residential,59.516
2022,Transportation,0.0
2022,Commerical,24.33
2022,Electric Power,293.607
2022,Industrial,194.91
2022,Residential,58.209
2022,Transportation,0.0
2022,Commerical,24.827
2022,Electric Power,275.601
2022,Industrial,199.631
2022,Residential,60.107
2022,Transportation,0.0
2022,Commerical,24.64
2022,Electric Power,243.072
2022,Industrial,196.405
2022,Residential,59.388
2022,Transportation,0.0
2022,Commerical,22.903
2022,Electric Power,230.964
2022,Industrial,180.036
2022,Residential,56.022
2022,Transportation,0.0
2022,Commerical,22.674
2022,Electric Power,234.158
2022,Industrial,192.203
2022,Residential,55.84
2022,Transportation,0.0
2022,Commerical,21.411
2022,Electric Power,264.122
2022,Industrial,193.452
2022,Residential,51.44
2022,Transportation,0.0
2022,Commerical,21.113
2022,Electric Power,261.197
2022,Industrial,192.956
2022,Residential,51.559
2022,Transportation,0.0
2023,Commerical,21.421
2023,Electric Power,272.89
2023,Industrial,199.003
2023,Residential,54.149
2023,Transportation,0.0
2023,Commerical,20.002
2023,Electric Power,270.223
2023,Industrial,177.69
2023,Residential,51.397
2023,Transportation,0.0
2023,Commerical,23.031
2023,Electric Power,295.122
2023,Industrial,191.696
2023,Residential,60.468
2023,Transportation,0.0
2023,Commerical,23.003
2023,Electric Power,285.234
2023,Industrial,179.02
2023,Residential,61.663
2023,Transportation,0.0
2023,Commerical,24.349
2023,Electric Power,292.816
2023,Industrial,191.213
2023,Residential,65.716
2023,Transportation,0.0
2023,Commerical,24.24
2023,Electric Power,252.371
2023,Industrial,182.908
2023,Residential,63.839
2023,Transportation,0.0
2023,Commerical,24.945
2023,Electric Power,265.994
2023,Industrial,188.119
2023,Residential,66.23
2023,Transportation,0.0
2023,Commerical,24.82
2023,Electric Power,263.631
2023,Industrial,187.404
2023,Residential,65.805
2023,Transportation,0.0
2023,Commerical,23.055
2023,Electric Power,236.191
2023,Industrial,178.959
2023,Residential,61.331
2023,Transportation,0.0
2023,Commerical,22.713
2023,Electric Power,261.855
2023,Industrial,186.857
2023,Residential,61.337
2023,Transportation,0.0
2023,Commerical,21.339
2023,Electric Power,251.641
2023,Industrial,190.171
2023,Residential,56.487
2023,Transportation,0.0
2023,Commerical,21.739
2023,Electric Power,259.513
2023,Industrial,196.299
2023,Residential,56.268
2023,Transportation,0.0
